use my_db

insert into Type_of_payment(Payment_id, Type_pay) values (1, 'Карта')
insert into Type_of_payment(Payment_id, Type_pay) values (2, 'Наличные')

insert into [Type]([Type_id], Type_dish) values (1, 'Первое')
insert into [Type]([Type_id], Type_dish) values (2, 'Второе')
insert into [Type]([Type_id], Type_dish) values (3, 'Салат')
insert into [Type]([Type_id], Type_dish) values (4, 'Напиток')
insert into [Type]([Type_id], Type_dish) values (5, 'Десерт')

insert into Canteen(Canteen_id, Location) values (1, 'Москва, Вешняковская Ул., дом 2, кв. 64')
insert into Canteen(Canteen_id, Location) values (2, 'Москва, Хамовнический Вал Ул., дом 2, кв. 85')
insert into Canteen(Canteen_id, Location) values (3, 'Москва, Киевская Ул., дом 22, кв. 30')
insert into Canteen(Canteen_id, Location) values (4, 'Москва, Буденного Просп., дом 28/К. 1, кв. 15')
insert into Canteen(Canteen_id, Location) values (5, 'Москва, Туристская Ул., дом 14/К. 1, кв. 158')

insert into Provider(Provider_id, Provider_name) values (1, 'Веста Продукт')
insert into Provider(Provider_id, Provider_name) values (2, 'Food House')
insert into Provider(Provider_id, Provider_name) values (3, 'МаррРуссия')
insert into Provider(Provider_id, Provider_name) values (4, 'Опт-Торг')
insert into Provider(Provider_id, Provider_name) values (5, 'City Product')

insert into Job(Job_id, Type_job) values (1, 'Повар') 
insert into Job(Job_id, Type_job) values (2, 'Уборщик') 
insert into Job(Job_id, Type_job) values (3, 'Кассир') 
insert into Job(Job_id, Type_job) values (4, 'Раздатчик') 

insert into Employee(Employee_id, Canteen_id, Surname, Name, [Start_date], End_date, phone, Job_id, Day_work) values (1, 1, 'Васильев', 'Владимир', '12/01/2019', null, '87655674890', 1, 'пн,ср,пт,вс')
insert into Employee(Employee_id, Canteen_id, Surname, Name, [Start_date], End_date, phone, Job_id, Day_work) values (2, 1, 'Ковалева', 'Злата', '13/03/2018', null, '85436709389', 1, 'вт,чт,сб')
insert into Employee(Employee_id, Canteen_id, Surname, Name, [Start_date], End_date, phone, Job_id, Day_work) values (3, 1, 'Устинова', 'Ксения', '14/05/2017', null, '85436342389', 1, 'пн,ср,пт,вс')
insert into Employee(Employee_id, Canteen_id, Surname, Name, [Start_date], End_date, phone, Job_id, Day_work) values (4, 1, 'Терехов', 'Артём', '15/12/2019', null, '85436342389', 1, 'вт,чт,сб')
insert into Employee(Employee_id, Canteen_id, Surname, Name, [Start_date], End_date, phone, Job_id, Day_work) values (5, 2, 'Мартынова', 'Маргарита', '16/09/2018', null, '85409722389', 1, 'пн,ср,пт,вс')
insert into Employee(Employee_id, Canteen_id, Surname, Name, [Start_date], End_date, phone, Job_id, Day_work) values (6, 2, 'Гуляев', 'Григорий', '18/08/2019', null, '85096722389', 1, 'вт,чт,сб')
insert into Employee(Employee_id, Canteen_id, Surname, Name, [Start_date], End_date, phone, Job_id, Day_work) values (7, 2, 'Алешин', 'Иван', '19/07/2017', null, '85436712389', 1, 'пн,ср,пт,вс')
insert into Employee(Employee_id, Canteen_id, Surname, Name, [Start_date], End_date, phone, Job_id, Day_work) values (8, 2, 'Громова', 'Александра', '20/06/2015', null, '85436342389', 1, 'вт,чт,сб')
insert into Employee(Employee_id, Canteen_id, Surname, Name, [Start_date], End_date, phone, Job_id, Day_work) values (9, 3, 'Лапина', 'Дарья', '21/05/2017', null, '85436722789', 1, 'пн,ср,пт,вс')
insert into Employee(Employee_id, Canteen_id, Surname, Name, [Start_date], End_date, phone, Job_id, Day_work) values (10, 3, 'Никитин', 'Максим', '22/08/2017', null, '85484722389', 1, 'вт,чт,сб')
insert into Employee(Employee_id, Canteen_id, Surname, Name, [Start_date], End_date, phone, Job_id, Day_work) values (11, 3, 'Ананьев', 'Дмитрий', '23/03/2018', null, '84435622389', 1, 'пн,ср,пт,вс')
insert into Employee(Employee_id, Canteen_id, Surname, Name, [Start_date], End_date, phone, Job_id, Day_work) values (12, 3, 'Сергеев', 'Станислав', '24/11/2015', null, '85436798389', 1, 'вт,чт,сб')
insert into Employee(Employee_id, Canteen_id, Surname, Name, [Start_date], End_date, phone, Job_id, Day_work) values (13, 4, 'Никитина', 'Дарина', '25/05/2016', null, '85433322389', 1, 'пн,ср,пт,вс')
insert into Employee(Employee_id, Canteen_id, Surname, Name, [Start_date], End_date, phone, Job_id, Day_work) values (14, 4, 'Киселев', 'Иван', '26/07/2017', null, '85436729879', 1, 'вт,чт,сб')
insert into Employee(Employee_id, Canteen_id, Surname, Name, [Start_date], End_date, phone, Job_id, Day_work) values (15, 4, 'Устинова', 'Полина', '27/08/2019', null, '85436096389', 1, 'пн,ср,пт,вс')
insert into Employee(Employee_id, Canteen_id, Surname, Name, [Start_date], End_date, phone, Job_id, Day_work) values (16, 4, 'Зотов', 'Сергей', '28/09/2018', null, '85436722309', 1, 'вт,чт,сб')
insert into Employee(Employee_id, Canteen_id, Surname, Name, [Start_date], End_date, phone, Job_id, Day_work) values (17, 5, 'Морозов', 'Семён', '01/10/2017', null, '85436722456', 1, 'пн,ср,пт,вс')
insert into Employee(Employee_id, Canteen_id, Surname, Name, [Start_date], End_date, phone, Job_id, Day_work) values (18, 5, 'Максимова', 'Виктория', '02/01/2016', null, '85432342389', 1, 'вт,чт,сб')
insert into Employee(Employee_id, Canteen_id, Surname, Name, [Start_date], End_date, phone, Job_id, Day_work) values (19, 5, 'Парамонов', 'Артём', '03/02/2015', null, '87646722389', 1, 'пн,ср,пт,вс')
insert into Employee(Employee_id, Canteen_id, Surname, Name, [Start_date], End_date, phone, Job_id, Day_work) values (20, 5, 'Макеева', 'Маргарита', '04/03/2018', null, '85123722389', 1, 'вт,чт,сб')
insert into Employee(Employee_id, Canteen_id, Surname, Name, [Start_date], End_date, phone, Job_id, Day_work) values (21, 1, 'Золотарева', 'Амина', '05/04/2017', null, '85412322389', 2, 'пн,ср,пт,вс')
insert into Employee(Employee_id, Canteen_id, Surname, Name, [Start_date], End_date, phone, Job_id, Day_work) values (22, 1, 'Бондарева', 'Айша', '06/05/2016', null, '85436727899', 2, 'вт,чт,сб')
insert into Employee(Employee_id, Canteen_id, Surname, Name, [Start_date], End_date, phone, Job_id, Day_work) values (23, 2, 'Харитонов', 'Марк', '07/06/2015', null, '85436722065', 2, 'пн,ср,пт,вс')
insert into Employee(Employee_id, Canteen_id, Surname, Name, [Start_date], End_date, phone, Job_id, Day_work) values (24, 2, 'Колесникова', 'Мария', '08/07/2016', null, '85434522389', 2, 'вт,чт,сб')
insert into Employee(Employee_id, Canteen_id, Surname, Name, [Start_date], End_date, phone, Job_id, Day_work) values (25, 3, 'Константинова', 'Сафия', '09/08/2017', null, '87856722389', 2, 'пн,ср,пт,вс')
insert into Employee(Employee_id, Canteen_id, Surname, Name, [Start_date], End_date, phone, Job_id, Day_work) values (26, 3, 'Сорокина', 'Арина', '10/09/2018', null, '85436722654', 2, 'вт,чт,сб')
insert into Employee(Employee_id, Canteen_id, Surname, Name, [Start_date], End_date, phone, Job_id, Day_work) values (27, 4, 'Нечаева', 'Полина', '11/10/2019', null, '85436722673', 2, 'пн,ср,пт,вс')
insert into Employee(Employee_id, Canteen_id, Surname, Name, [Start_date], End_date, phone, Job_id, Day_work) values (28, 4, 'Давыдов', 'Фёдор', '12/11/2018', null, '85436763389', 2, 'вт,чт,сб')
insert into Employee(Employee_id, Canteen_id, Surname, Name, [Start_date], End_date, phone, Job_id, Day_work) values (29, 5, 'Дмитриева', 'Полина', '14/12/2017', null, '85436542389', 2, 'пн,ср,пт,вс')
insert into Employee(Employee_id, Canteen_id, Surname, Name, [Start_date], End_date, phone, Job_id, Day_work) values (30, 5, 'Андрианов', 'Даниил', '16/01/2018', null, '85436723489', 2, 'вт,чт,сб')
insert into Employee(Employee_id, Canteen_id, Surname, Name, [Start_date], End_date, phone, Job_id, Day_work) values (31, 1, 'Виноградова', 'Арина', '17/02/2016', null, '85436543389', 3, 'пн,ср,пт,вс')
insert into Employee(Employee_id, Canteen_id, Surname, Name, [Start_date], End_date, phone, Job_id, Day_work) values (32, 1, 'Касьянова', 'Ксения', '18/03/2017', null, '85988722389', 3, 'вт,чт,сб')
insert into Employee(Employee_id, Canteen_id, Surname, Name, [Start_date], End_date, phone, Job_id, Day_work) values (33, 2, 'Борисов', 'Лев', '19/04/2018', null, '85436000389', 3, 'пн,ср,пт,вс')
insert into Employee(Employee_id, Canteen_id, Surname, Name, [Start_date], End_date, phone, Job_id, Day_work) values (34, 2, 'Иванова', 'Ева', '20/05/2019', null, '85436098389', 3, 'вт,чт,сб')
insert into Employee(Employee_id, Canteen_id, Surname, Name, [Start_date], End_date, phone, Job_id, Day_work) values (35, 3, 'Воронцова', 'Софья', '22/11/2016', null, '85433452389', 3, 'пн,ср,пт,вс')
insert into Employee(Employee_id, Canteen_id, Surname, Name, [Start_date], End_date, phone, Job_id, Day_work) values (36, 3, 'Головина', 'Евгения', '23/12/2017', null, '85476522389', 3, 'вт,чт,сб')
insert into Employee(Employee_id, Canteen_id, Surname, Name, [Start_date], End_date, phone, Job_id, Day_work) values (37, 4, 'Тарасов', 'Михаил', '24/10/2016', null, '85433452389', 3, 'пн,ср,пт,вс')
insert into Employee(Employee_id, Canteen_id, Surname, Name, [Start_date], End_date, phone, Job_id, Day_work) values (38, 4, 'Леонова', 'Анастасия', '25/01/2019', null, '83886722389', 3, 'вт,чт,сб')
insert into Employee(Employee_id, Canteen_id, Surname, Name, [Start_date], End_date, phone, Job_id, Day_work) values (39, 5, 'Игнатов', 'Максим', '26/06/2015', null, '85436772389', 3, 'пн,ср,пт,вс')
insert into Employee(Employee_id, Canteen_id, Surname, Name, [Start_date], End_date, phone, Job_id, Day_work) values (40, 5, 'Ковалева', 'Маргарита', '01/07/2017', null, '85432387779', 3, 'вт,чт,сб')
insert into Employee(Employee_id, Canteen_id, Surname, Name, [Start_date], End_date, phone, Job_id, Day_work) values (41, 1, 'Осипов', 'Дмитрий', '02/08/2019', null, '85436720009', 4, 'пн,ср,пт,вс')
insert into Employee(Employee_id, Canteen_id, Surname, Name, [Start_date], End_date, phone, Job_id, Day_work) values (42, 1, 'Лукин', 'Александр', '03/09/2018', null, '85436766589', 4, 'вт,чт,сб')
insert into Employee(Employee_id, Canteen_id, Surname, Name, [Start_date], End_date, phone, Job_id, Day_work) values (43, 2, 'Статкевич', 'Екатерина', '04/10/2016', null, '85422888389', 4, 'пн,ср,пт,вс')
insert into Employee(Employee_id, Canteen_id, Surname, Name, [Start_date], End_date, phone, Job_id, Day_work) values (44, 2, 'Федоров', 'Гордей', '05/11/2017', null, '85455536389', 4, 'вт,чт,сб') 
insert into Employee(Employee_id, Canteen_id, Surname, Name, [Start_date], End_date, phone, Job_id, Day_work) values (45, 3, 'Малышева', 'Анастасия', '06/12/2017', null, '85763722389', 4, 'пн,ср,пт,вс')
insert into Employee(Employee_id, Canteen_id, Surname, Name, [Start_date], End_date, phone, Job_id, Day_work) values (46, 3, 'Грачева', 'Варвара', '07/11/2018', null, '854360982389', 4, 'вт,чт,сб')
insert into Employee(Employee_id, Canteen_id, Surname, Name, [Start_date], End_date, phone, Job_id, Day_work) values (47, 4, 'Зайцев', 'Глеб', '08/06/2016', null, '85436756389', 4, 'пн,ср,пт,вс')
insert into Employee(Employee_id, Canteen_id, Surname, Name, [Start_date], End_date, phone, Job_id, Day_work) values (48, 4, 'Игнатова', 'Арина', '09/06/2017', null, '854343522389', 4, 'вт,чт,сб')
insert into Employee(Employee_id, Canteen_id, Surname, Name, [Start_date], End_date, phone, Job_id, Day_work) values (49, 5, 'Давыдов', 'Евгений', '10/05/2018', null, '85434522389', 4, 'пн,ср,пт,вс')
insert into Employee(Employee_id, Canteen_id, Surname, Name, [Start_date], End_date, phone, Job_id, Day_work) values (50, 5, 'Комарова', 'Варвара', '11/06/2019', null, '85728762389', 4, 'вт,чт,сб')
insert into Employee(Employee_id, Canteen_id, Surname, Name, [Start_date], End_date, phone, Job_id, Day_work) values (51, 1, 'Харитонова', 'Анастасия', '12/07/2016', '12/05/2019', '85436672389', 2, null)
insert into Employee(Employee_id, Canteen_id, Surname, Name, [Start_date], End_date, phone, Job_id, Day_work) values (52, 1, 'Захарова', 'Виктория', '13/08/2017', '15/05/2018', '86736722389', 4, null)
insert into Employee(Employee_id, Canteen_id, Surname, Name, [Start_date], End_date, phone, Job_id, Day_work) values (53, 1, 'Павлова', 'Софья', '10/09/2018', '18/06/2020', '85435632389', 3, null)
insert into Employee(Employee_id, Canteen_id, Surname, Name, [Start_date], End_date, phone, Job_id, Day_work) values (54, 3, 'Столяров', 'Эмир', '15/10/2016', '20/08/2018', '85436722239', 4, null) 
insert into Employee(Employee_id, Canteen_id, Surname, Name, [Start_date], End_date, phone, Job_id, Day_work) values (55, 3, 'Щукина', 'Софья', '16/11/2017', '22/09/2019', '85436709889', 2, null)
insert into Employee(Employee_id, Canteen_id, Surname, Name, [Start_date], End_date, phone, Job_id, Day_work) values (56, 3, 'Емельянова', 'Ксения', '17/12/2017', '25/03/2018', '874566722389', 1, null)
insert into Employee(Employee_id, Canteen_id, Surname, Name, [Start_date], End_date, phone, Job_id, Day_work) values (57, 3, 'Сидорова', 'Элина', '18/11/2015', '24/11/2018', '85436672389', 4, null)
insert into Employee(Employee_id, Canteen_id, Surname, Name, [Start_date], End_date, phone, Job_id, Day_work) values (58, 4, 'Игнатьев', 'Давид', '19/10/2017', '13/12/2020', '85437862389', 3, null)
insert into Employee(Employee_id, Canteen_id, Surname, Name, [Start_date], End_date, phone, Job_id, Day_work) values (59, 5, 'Воронина', 'Варвара', '20/01/2018', '10/01/2019', '85456722389', 4, null)
insert into Employee(Employee_id, Canteen_id, Surname, Name, [Start_date], End_date, phone, Job_id, Day_work) values (60, 5, 'Исаков', 'Платон', '12/02/2015', '11/02/2016', '85436987689', 1, null)

insert into Dish(Dish_id, [Type_id], Dish_name, KKal, Price, Menu) values (1, 2, 'Курица с картошкой', 190, 160, 1)
insert into Dish(Dish_id, [Type_id], Dish_name, KKal, Price, Menu) values (2, 2, 'Котлеты с макаронами', 210, 170, 1)
insert into Dish(Dish_id, [Type_id], Dish_name, KKal, Price, Menu) values (3, 2, 'Свинина с гречей', 210, 180, 1)
insert into Dish(Dish_id, [Type_id], Dish_name, KKal, Price, Menu) values (4, 2, 'Рыба с рисом', 180, 170, 1)
insert into Dish(Dish_id, [Type_id], Dish_name, KKal, Price, Menu) values (5, 2, 'Плов', 280, 150, 1)
insert into Dish(Dish_id, [Type_id], Dish_name, KKal, Price, Menu) values (6, 2, 'Говядина с пюре', 280, 165, 1)
insert into Dish(Dish_id, [Type_id], Dish_name, KKal, Price, Menu) values (7, 2, 'Тефтели с овощами', 160, 180, 1)
insert into Dish(Dish_id, [Type_id], Dish_name, KKal, Price, Menu) values (8, 1, 'Рыбный суп', 30, 50, 1)
insert into Dish(Dish_id, [Type_id], Dish_name, KKal, Price, Menu) values (9, 1, 'Борщ', 30, 60, 1)
insert into Dish(Dish_id, [Type_id], Dish_name, KKal, Price, Menu) values (10, 1, 'Щи', 40, 30, 1)
insert into Dish(Dish_id, [Type_id], Dish_name, KKal, Price, Menu) values (11, 3, 'оливье', 280, 40, 1)
insert into Dish(Dish_id, [Type_id], Dish_name, KKal, Price, Menu) values (12, 3, 'огурцы', 10, 50, 1)
insert into Dish(Dish_id, [Type_id], Dish_name, KKal, Price, Menu) values (13, 3, 'Весенний', 15, 60, 1)
insert into Dish(Dish_id, [Type_id], Dish_name, KKal, Price, Menu) values (14, 4, 'Компот', 80, 10, 1)
insert into Dish(Dish_id, [Type_id], Dish_name, KKal, Price, Menu) values (15, 4, 'Чай', 3, 15, 1)
insert into Dish(Dish_id, [Type_id], Dish_name, KKal, Price, Menu) values (16, 4, 'Кофе', 120, 20, 1)
insert into Dish(Dish_id, [Type_id], Dish_name, KKal, Price, Menu) values (17, 5, 'Ватрушка', 360, 40, 1)
insert into Dish(Dish_id, [Type_id], Dish_name, KKal, Price, Menu) values (18, 5, 'Печенье', 150, 30, 1)
insert into Dish(Dish_id, [Type_id], Dish_name, KKal, Price, Menu) values (19, 5, 'Конфеты',200, 45, 1)

insert into [Order](Payment_id, Order_id, [Date], employee_id) values (1, 1, '01/08/2020', 31)
insert into [Order](Payment_id, Order_id, [Date], employee_id) values (1, 2, '02/08/2020', 32)
insert into [Order](Payment_id, Order_id, [Date], employee_id) values (1, 3, '03/07/2020', 33)
insert into [Order](Payment_id, Order_id, [Date], employee_id) values (2, 4, '04/08/2020', 34)
insert into [Order](Payment_id, Order_id, [Date], employee_id) values (2, 5, '05/06/2020', 38)
insert into [Order](Payment_id, Order_id, [Date], employee_id) values (2, 6, '06/08/2020', 40)
insert into [Order](Payment_id, Order_id, [Date], employee_id) values (2, 7, '07/05/2020', 35)
insert into [Order](Payment_id, Order_id, [Date], employee_id) values (1, 8, '08/04/2020', 35)
insert into [Order](Payment_id, Order_id, [Date], employee_id) values (1, 9, '09/03/2020', 36)
insert into [Order](Payment_id, Order_id, [Date], employee_id) values (1, 10, '10/02/2020', 38)
insert into [Order](Payment_id, Order_id, [Date], employee_id) values (2, 11, '11/01/2020', 39)
insert into [Order](Payment_id, Order_id, [Date], employee_id) values (2, 12, '12/07/2020', 40)
insert into [Order](Payment_id, Order_id, [Date], employee_id) values (2, 13, '13/05/2020', 32)
insert into [Order](Payment_id, Order_id, [Date], employee_id) values (1, 14, '14/06/2020', 33)
insert into [Order](Payment_id, Order_id, [Date], employee_id) values (1, 15, '15/07/2020', 37)
insert into [Order](Payment_id, Order_id, [Date], employee_id) values (2, 16, '16/04/2020', 38)
insert into [Order](Payment_id, Order_id, [Date], employee_id) values (1, 17, '17/03/2020', 39)
insert into [Order](Payment_id, Order_id, [Date], employee_id) values (2, 18, '18/03/2020', 36)
insert into [Order](Payment_id, Order_id, [Date], employee_id) values (1, 19, '19/03/2020', 38)
insert into [Order](Payment_id, Order_id, [Date], employee_id) values (2, 20, '20/02/2020', 40)

insert into Order_Dish(Order_id, Dish_id, Cook_id) values (1, 1, 11)
insert into Order_Dish(Order_id, Dish_id, Cook_id) values (1, 8, 11)
insert into Order_Dish(Order_id, Dish_id, Cook_id) values (1, 12, 11)
insert into Order_Dish(Order_id, Dish_id, Cook_id) values (2, 2, 12)
insert into Order_Dish(Order_id, Dish_id, Cook_id) values (2, 10, 12)
insert into Order_Dish(Order_id, Dish_id, Cook_id) values (2, 19, 12)
insert into Order_Dish(Order_id, Dish_id, Cook_id) values (3, 5, 1)
insert into Order_Dish(Order_id, Dish_id, Cook_id) values (3, 11, 1)
insert into Order_Dish(Order_id, Dish_id, Cook_id) values (4, 1, 2)
insert into Order_Dish(Order_id, Dish_id, Cook_id) values (4, 8, 2)
insert into Order_Dish(Order_id, Dish_id, Cook_id) values (4, 9, 2)
insert into Order_Dish(Order_id, Dish_id, Cook_id) values (4, 15, 2)
insert into Order_Dish(Order_id, Dish_id, Cook_id) values (5, 3, 7)
insert into Order_Dish(Order_id, Dish_id, Cook_id) values (5, 10, 7)
insert into Order_Dish(Order_id, Dish_id, Cook_id) values (5, 16, 7)
insert into Order_Dish(Order_id, Dish_id, Cook_id) values (6, 1, 8)
insert into Order_Dish(Order_id, Dish_id, Cook_id) values (6, 11, 8)
insert into Order_Dish(Order_id, Dish_id, Cook_id) values (7, 8, 15)
insert into Order_Dish(Order_id, Dish_id, Cook_id) values (7, 9, 15)
insert into Order_Dish(Order_id, Dish_id, Cook_id) values (7, 19, 15)
insert into Order_Dish(Order_id, Dish_id, Cook_id) values (8, 1, 14)
insert into Order_Dish(Order_id, Dish_id, Cook_id) values (8, 5, 14)
insert into Order_Dish(Order_id, Dish_id, Cook_id) values (9, 1, 17)
insert into Order_Dish(Order_id, Dish_id, Cook_id) values (10, 1, 12)
insert into Order_Dish(Order_id, Dish_id, Cook_id) values (10, 2, 12)
insert into Order_Dish(Order_id, Dish_id, Cook_id) values (10, 18, 12)
insert into Order_Dish(Order_id, Dish_id, Cook_id) values (11, 5, 19)
insert into Order_Dish(Order_id, Dish_id, Cook_id) values (11, 6, 19)
insert into Order_Dish(Order_id, Dish_id, Cook_id) values (12, 7, 11)
insert into Order_Dish(Order_id, Dish_id, Cook_id) values (12, 15, 11)
insert into Order_Dish(Order_id, Dish_id, Cook_id) values (12, 19, 11)
insert into Order_Dish(Order_id, Dish_id, Cook_id) values (13, 4, 18)
insert into Order_Dish(Order_id, Dish_id, Cook_id) values (13, 5, 18)
insert into Order_Dish(Order_id, Dish_id, Cook_id) values (14, 6, 20)
insert into Order_Dish(Order_id, Dish_id, Cook_id) values (14, 7, 20)
insert into Order_Dish(Order_id, Dish_id, Cook_id) values (14, 19, 20)
insert into Order_Dish(Order_id, Dish_id, Cook_id) values (15, 1, 9)
insert into Order_Dish(Order_id, Dish_id, Cook_id) values (15, 7, 9)
insert into Order_Dish(Order_id, Dish_id, Cook_id) values (15, 14, 9)
insert into Order_Dish(Order_id, Dish_id, Cook_id) values (16, 5, 15)
insert into Order_Dish(Order_id, Dish_id, Cook_id) values (17, 9, 16)
insert into Order_Dish(Order_id, Dish_id, Cook_id) values (17, 10, 16)
insert into Order_Dish(Order_id, Dish_id, Cook_id) values (18, 7, 19)
insert into Order_Dish(Order_id, Dish_id, Cook_id) values (18, 19, 19)
insert into Order_Dish(Order_id, Dish_id, Cook_id) values (18, 5, 19)
insert into Order_Dish(Order_id, Dish_id, Cook_id) values (18, 1, 19)
insert into Order_Dish(Order_id, Dish_id, Cook_id) values (19, 5, 2)
insert into Order_Dish(Order_id, Dish_id, Cook_id) values (19, 19, 2)
insert into Order_Dish(Order_id, Dish_id, Cook_id) values (20, 10, 3)
insert into Order_Dish(Order_id, Dish_id, Cook_id) values (20, 16, 3)

insert into Ingredients(Ingredients_id, Weight_portion, Ingredients_name) values (1, 100, 'Курица')
insert into Ingredients(Ingredients_id, Weight_portion, Ingredients_name) values (2, 120, 'Картошка')
insert into Ingredients(Ingredients_id, Weight_portion, Ingredients_name) values (3, 100, 'Котлета')
insert into Ingredients(Ingredients_id, Weight_portion, Ingredients_name) values (4, 130, 'Свинина')
insert into Ingredients(Ingredients_id, Weight_portion, Ingredients_name) values (5, 120, 'Греча')
insert into Ingredients(Ingredients_id, Weight_portion, Ingredients_name) values (6, 150, 'Рыба')
insert into Ingredients(Ingredients_id, Weight_portion, Ingredients_name) values (7, 130, 'Рис')
insert into Ingredients(Ingredients_id, Weight_portion, Ingredients_name) values (8, 50, 'Морковка')
insert into Ingredients(Ingredients_id, Weight_portion, Ingredients_name) values (9, 50, 'Свекла')
insert into Ingredients(Ingredients_id, Weight_portion, Ingredients_name) values (10, 50, 'Колбаса')
insert into Ingredients(Ingredients_id, Weight_portion, Ingredients_name) values (11, 130, 'Говядина')
insert into Ingredients(Ingredients_id, Weight_portion, Ingredients_name) values (12, 100, 'Картошка')
insert into Ingredients(Ingredients_id, Weight_portion, Ingredients_name) values (13, 100, 'Тефтеля')
insert into Ingredients(Ingredients_id, Weight_portion, Ingredients_name) values (14, 120, 'Тушенные овощи')
insert into Ingredients(Ingredients_id, Weight_portion, Ingredients_name) values (15, 20, 'Майонез')
insert into Ingredients(Ingredients_id, Weight_portion, Ingredients_name) values (16, 50, 'Огурец')
insert into Ingredients(Ingredients_id, Weight_portion, Ingredients_name) values (17, 50, 'Помидор')
insert into Ingredients(Ingredients_id, Weight_portion, Ingredients_name) values (18, 200, 'Компот')
insert into Ingredients(Ingredients_id, Weight_portion, Ingredients_name) values (19, 10, 'Пакетик')
insert into Ingredients(Ingredients_id, Weight_portion, Ingredients_name) values (20, 20, 'Кофе')
insert into Ingredients(Ingredients_id, Weight_portion, Ingredients_name) values (21, 60, 'Ватрушка')
insert into Ingredients(Ingredients_id, Weight_portion, Ingredients_name) values (22, 70, 'Печенье')
insert into Ingredients(Ingredients_id, Weight_portion, Ingredients_name) values (23, 30, 'Конфеты')

insert into Dish_Ingredients(Dish_id, Ingredients_id) values (1, 1)
insert into Dish_Ingredients(Dish_id, Ingredients_id) values (1, 2)
insert into Dish_Ingredients(Dish_id, Ingredients_id) values (2, 3)
insert into Dish_Ingredients(Dish_id, Ingredients_id) values (2, 4)
insert into Dish_Ingredients(Dish_id, Ingredients_id) values (3, 5)
insert into Dish_Ingredients(Dish_id, Ingredients_id) values (3, 6)
insert into Dish_Ingredients(Dish_id, Ingredients_id) values (4, 7)
insert into Dish_Ingredients(Dish_id, Ingredients_id) values (4, 8)
insert into Dish_Ingredients(Dish_id, Ingredients_id) values (5, 4)
insert into Dish_Ingredients(Dish_id, Ingredients_id) values (5, 7)
insert into Dish_Ingredients(Dish_id, Ingredients_id) values (6, 11)
insert into Dish_Ingredients(Dish_id, Ingredients_id) values (6, 12)
insert into Dish_Ingredients(Dish_id, Ingredients_id) values (7, 13)
insert into Dish_Ingredients(Dish_id, Ingredients_id) values (7, 14)
insert into Dish_Ingredients(Dish_id, Ingredients_id) values (8, 6)
insert into Dish_Ingredients(Dish_id, Ingredients_id) values (8, 12)
insert into Dish_Ingredients(Dish_id, Ingredients_id) values (8, 8)
insert into Dish_Ingredients(Dish_id, Ingredients_id) values (9, 8)
insert into Dish_Ingredients(Dish_id, Ingredients_id) values (9, 9)
insert into Dish_Ingredients(Dish_id, Ingredients_id) values (9, 12)
insert into Dish_Ingredients(Dish_id, Ingredients_id) values (10, 12)
insert into Dish_Ingredients(Dish_id, Ingredients_id) values (10, 8)
insert into Dish_Ingredients(Dish_id, Ingredients_id) values (11, 10)
insert into Dish_Ingredients(Dish_id, Ingredients_id) values (11, 8)
insert into Dish_Ingredients(Dish_id, Ingredients_id) values (11, 12)
insert into Dish_Ingredients(Dish_id, Ingredients_id) values (11, 15)
insert into Dish_Ingredients(Dish_id, Ingredients_id) values (12, 16)
insert into Dish_Ingredients(Dish_id, Ingredients_id) values (13, 17)
insert into Dish_Ingredients(Dish_id, Ingredients_id) values (13, 16)
insert into Dish_Ingredients(Dish_id, Ingredients_id) values (14, 18)
insert into Dish_Ingredients(Dish_id, Ingredients_id) values (15, 19)
insert into Dish_Ingredients(Dish_id, Ingredients_id) values (16, 20)
insert into Dish_Ingredients(Dish_id, Ingredients_id) values (17, 21)
insert into Dish_Ingredients(Dish_id, Ingredients_id) values (18, 22)
insert into Dish_Ingredients(Dish_id, Ingredients_id) values (19, 23)

insert into Purchase(Canteen_id, Ingredients_id, Buy_date, Price, Wight, Total, Provider_id) values (1, 1, '01/06/2020', 90, 5, 1100, 1)
insert into Purchase(Canteen_id, Ingredients_id, Buy_date, Price, Wight, Total, Provider_id) values (1, 2, '03/05/2019', 80, 7, 1200, 2)
insert into Purchase(Canteen_id, Ingredients_id, Buy_date, Price, Wight, Total, Provider_id) values (1, 3, '02/01/2020', 70, 13, 3400, 4)
insert into Purchase(Canteen_id, Ingredients_id, Buy_date, Price, Wight, Total, Provider_id) values (1, 4, '04/03/2020', 60, 14, 4500, 5)
insert into Purchase(Canteen_id, Ingredients_id, Buy_date, Price, Wight, Total, Provider_id) values (1, 5, '05/04/2019', 50, 15, 2300, 2)
insert into Purchase(Canteen_id, Ingredients_id, Buy_date, Price, Wight, Total, Provider_id) values (1, 6, '01/05/2020', 30, 5, 3200, 2)
insert into Purchase(Canteen_id, Ingredients_id, Buy_date, Price, Wight, Total, Provider_id) values (1, 7, '06/07/2020', 20, 6, 1200, 1)
insert into Purchase(Canteen_id, Ingredients_id, Buy_date, Price, Wight, Total, Provider_id) values (1, 8, '07/09/2020', 40, 11, 2100, 3)
insert into Purchase(Canteen_id, Ingredients_id, Buy_date, Price, Wight, Total, Provider_id) values (1, 9, '08/06/2020', 50, 12, 3400, 4)
insert into Purchase(Canteen_id, Ingredients_id, Buy_date, Price, Wight, Total, Provider_id) values (1, 10, '05/11/2020', 100, 11, 1200, 5)
insert into Purchase(Canteen_id, Ingredients_id, Buy_date, Price, Wight, Total, Provider_id) values (1, 11, '04/12/2020', 90, 12, 4800, 4)
insert into Purchase(Canteen_id, Ingredients_id, Buy_date, Price, Wight, Total, Provider_id) values (1, 12, '13/10/2020', 60, 14, 3800, 4)
insert into Purchase(Canteen_id, Ingredients_id, Buy_date, Price, Wight, Total, Provider_id) values (1, 13, '14/05/2020', 70, 3, 5600, 5)
insert into Purchase(Canteen_id, Ingredients_id, Buy_date, Price, Wight, Total, Provider_id) values (1, 14, '15/02/2020', 80, 12, 3000, 3)
insert into Purchase(Canteen_id, Ingredients_id, Buy_date, Price, Wight, Total, Provider_id) values (1, 15, '25/01/2020', 60, 14, 1200, 3)
insert into Purchase(Canteen_id, Ingredients_id, Buy_date, Price, Wight, Total, Provider_id) values (1, 16, '12/04/2020', 50, 14, 2200, 2)
insert into Purchase(Canteen_id, Ingredients_id, Buy_date, Price, Wight, Total, Provider_id) values (1, 17, '24/06/2020', 40, 15, 2300, 3)
insert into Purchase(Canteen_id, Ingredients_id, Buy_date, Price, Wight, Total, Provider_id) values (1, 18, '26/07/2020', 50, 16, 2400, 4)
insert into Purchase(Canteen_id, Ingredients_id, Buy_date, Price, Wight, Total, Provider_id) values (1, 19, '01/05/2020', 60, 17, 3200, 5)
insert into Purchase(Canteen_id, Ingredients_id, Buy_date, Price, Wight, Total, Provider_id) values (1, 20, '02/04/2019', 70, 13, 3100, 4)
insert into Purchase(Canteen_id, Ingredients_id, Buy_date, Price, Wight, Total, Provider_id) values (1, 21, '01/03/2020', 10, 15, 3400, 3)
insert into Purchase(Canteen_id, Ingredients_id, Buy_date, Price, Wight, Total, Provider_id) values (1, 22, '04/02/2019', 30, 16, 3500, 5)
insert into Purchase(Canteen_id, Ingredients_id, Buy_date, Price, Wight, Total, Provider_id) values (1, 23, '06/01/2020', 30, 17, 4900, 1)
insert into Purchase(Canteen_id, Ingredients_id, Buy_date, Price, Wight, Total, Provider_id) values (2, 1, '08/07/2020', 40, 11, 5900, 5)
insert into Purchase(Canteen_id, Ingredients_id, Buy_date, Price, Wight, Total, Provider_id) values (2, 2, '18/07/2019', 50, 12, 7900, 3)
insert into Purchase(Canteen_id, Ingredients_id, Buy_date, Price, Wight, Total, Provider_id) values (2, 3, '17/04/2020', 60, 13, 8900, 2)
insert into Purchase(Canteen_id, Ingredients_id, Buy_date, Price, Wight, Total, Provider_id) values (2, 4, '12/03/2019', 70, 14, 1900, 1)
insert into Purchase(Canteen_id, Ingredients_id, Buy_date, Price, Wight, Total, Provider_id) values (2, 5, '13/02/2020', 40, 15, 2900, 2)
insert into Purchase(Canteen_id, Ingredients_id, Buy_date, Price, Wight, Total, Provider_id) values (2, 6, '14/01/2019', 30, 16, 3900, 3)
insert into Purchase(Canteen_id, Ingredients_id, Buy_date, Price, Wight, Total, Provider_id) values (2, 7, '01/04/2020', 20, 9, 4900, 4)
insert into Purchase(Canteen_id, Ingredients_id, Buy_date, Price, Wight, Total, Provider_id) values (2, 8, '07/05/2019', 20, 7, 5900, 5)
insert into Purchase(Canteen_id, Ingredients_id, Buy_date, Price, Wight, Total, Provider_id) values (2, 9, '02/06/2020', 90, 6, 1200, 3)
insert into Purchase(Canteen_id, Ingredients_id, Buy_date, Price, Wight, Total, Provider_id) values (2, 10, '07/07/2020', 50, 5, 1300, 2)
insert into Purchase(Canteen_id, Ingredients_id, Buy_date, Price, Wight, Total, Provider_id) values (2, 11, '13/09/2020', 40, 3, 1400, 3)
insert into Purchase(Canteen_id, Ingredients_id, Buy_date, Price, Wight, Total, Provider_id) values (2, 12, '14/10/2019', 60, 2, 1500, 4)
insert into Purchase(Canteen_id, Ingredients_id, Buy_date, Price, Wight, Total, Provider_id) values (2, 13, '15/09/2020', 30, 1, 1600, 3)
insert into Purchase(Canteen_id, Ingredients_id, Buy_date, Price, Wight, Total, Provider_id) values (2, 14, '16/07/2019', 30, 13, 1700, 5)
insert into Purchase(Canteen_id, Ingredients_id, Buy_date, Price, Wight, Total, Provider_id) values (2, 15, '17/05/2020', 30, 13, 1800, 2)
insert into Purchase(Canteen_id, Ingredients_id, Buy_date, Price, Wight, Total, Provider_id) values (2, 16, '18/04/2019', 90, 14, 1900, 1)
insert into Purchase(Canteen_id, Ingredients_id, Buy_date, Price, Wight, Total, Provider_id) values (2, 17, '19/03/2020', 80, 9, 2300, 2)
insert into Purchase(Canteen_id, Ingredients_id, Buy_date, Price, Wight, Total, Provider_id) values (2, 18, '20/02/2019', 50, 11, 3400, 4)
insert into Purchase(Canteen_id, Ingredients_id, Buy_date, Price, Wight, Total, Provider_id) values (2, 19, '21/01/2020', 40, 12, 1200, 5)
insert into Purchase(Canteen_id, Ingredients_id, Buy_date, Price, Wight, Total, Provider_id) values (2, 20, '01/09/2020', 50, 13, 2200, 4)
insert into Purchase(Canteen_id, Ingredients_id, Buy_date, Price, Wight, Total, Provider_id) values (2, 21, '27/07/2019', 100, 14, 5400, 3)
insert into Purchase(Canteen_id, Ingredients_id, Buy_date, Price, Wight, Total, Provider_id) values (2, 22, '28/05/2020', 110, 15, 4400, 2)
insert into Purchase(Canteen_id, Ingredients_id, Buy_date, Price, Wight, Total, Provider_id) values (2, 23, '17/04/2020', 120, 16, 3300, 1)
insert into Purchase(Canteen_id, Ingredients_id, Buy_date, Price, Wight, Total, Provider_id) values (3, 1, '09/04/2020', 130, 17, 8900, 3)
insert into Purchase(Canteen_id, Ingredients_id, Buy_date, Price, Wight, Total, Provider_id) values (3, 2, '03/03/2019', 140, 16, 2300, 4)
insert into Purchase(Canteen_id, Ingredients_id, Buy_date, Price, Wight, Total, Provider_id) values (3, 3, '02/02/2020', 90, 18, 3400, 5)
insert into Purchase(Canteen_id, Ingredients_id, Buy_date, Price, Wight, Total, Provider_id) values (3, 4, '01/05/2020', 80, 15, 3300, 2)
insert into Purchase(Canteen_id, Ingredients_id, Buy_date, Price, Wight, Total, Provider_id) values (3, 5, '06/06/2020', 70, 13, 3200, 3)
insert into Purchase(Canteen_id, Ingredients_id, Buy_date, Price, Wight, Total, Provider_id) values (3, 6, '07/07/2019', 60, 13, 3100, 2)
insert into Purchase(Canteen_id, Ingredients_id, Buy_date, Price, Wight, Total, Provider_id) values (3, 7, '08/08/2020', 80, 10, 3400, 3)
insert into Purchase(Canteen_id, Ingredients_id, Buy_date, Price, Wight, Total, Provider_id) values (3, 8, '12/09/2020', 10, 12, 4500, 1)
insert into Purchase(Canteen_id, Ingredients_id, Buy_date, Price, Wight, Total, Provider_id) values (3, 9, '13/10/2020', 30, 3, 4400, 4)
insert into Purchase(Canteen_id, Ingredients_id, Buy_date, Price, Wight, Total, Provider_id) values (3, 10, '14/11/2020', 40, 6, 4600, 5)
insert into Purchase(Canteen_id, Ingredients_id, Buy_date, Price, Wight, Total, Provider_id) values (3, 11, '02/12/2020', 60, 7, 4700, 4)
insert into Purchase(Canteen_id, Ingredients_id, Buy_date, Price, Wight, Total, Provider_id) values (3, 12, '01/10/2019', 70, 3, 3200, 3)
insert into Purchase(Canteen_id, Ingredients_id, Buy_date, Price, Wight, Total, Provider_id) values (3, 13, '03/09/2020', 80, 5, 3300, 2)
insert into Purchase(Canteen_id, Ingredients_id, Buy_date, Price, Wight, Total, Provider_id) values (3, 14, '04/08/2019', 100, 6, 2200, 1)
insert into Purchase(Canteen_id, Ingredients_id, Buy_date, Price, Wight, Total, Provider_id) values (3, 15, '05/07/2019', 120, 7, 1200, 2)
insert into Purchase(Canteen_id, Ingredients_id, Buy_date, Price, Wight, Total, Provider_id) values (3, 16, '06/04/2020', 80, 8, 4300, 3)
insert into Purchase(Canteen_id, Ingredients_id, Buy_date, Price, Wight, Total, Provider_id) values (3, 17, '07/02/2019', 70, 9, 5400, 4)
insert into Purchase(Canteen_id, Ingredients_id, Buy_date, Price, Wight, Total, Provider_id) values (3, 18, '12/01/2020', 50, 3, 5400, 5)
insert into Purchase(Canteen_id, Ingredients_id, Buy_date, Price, Wight, Total, Provider_id) values (3, 19, '13/02/2020', 40, 6, 3300, 2)
insert into Purchase(Canteen_id, Ingredients_id, Buy_date, Price, Wight, Total, Provider_id) values (3, 20, '14/03/2020', 30, 8, 2300, 3)
insert into Purchase(Canteen_id, Ingredients_id, Buy_date, Price, Wight, Total, Provider_id) values (3, 21, '15/04/2019', 70, 9, 2200, 4)
insert into Purchase(Canteen_id, Ingredients_id, Buy_date, Price, Wight, Total, Provider_id) values (3, 22, '16/05/2020', 80, 2, 1200, 3)
insert into Purchase(Canteen_id, Ingredients_id, Buy_date, Price, Wight, Total, Provider_id) values (3, 23, '01/06/2019', 90, 10, 2300, 2)
insert into Purchase(Canteen_id, Ingredients_id, Buy_date, Price, Wight, Total, Provider_id) values (4, 1, '02/06/2020', 901, 6, 4300, 1)
insert into Purchase(Canteen_id, Ingredients_id, Buy_date, Price, Wight, Total, Provider_id) values (4, 2, '03/07/2019', 50, 8, 4500, 2)
insert into Purchase(Canteen_id, Ingredients_id, Buy_date, Price, Wight, Total, Provider_id) values (4, 3, '04/08/2020', 30, 13, 5600, 3)
insert into Purchase(Canteen_id, Ingredients_id, Buy_date, Price, Wight, Total, Provider_id) values (4, 4, '05/09/2020', 20, 14, 5100, 4)
insert into Purchase(Canteen_id, Ingredients_id, Buy_date, Price, Wight, Total, Provider_id) values (4, 5, '06/10/2020', 40, 15, 5400, 5)
insert into Purchase(Canteen_id, Ingredients_id, Buy_date, Price, Wight, Total, Provider_id) values (4, 6, '07/11/2020', 50, 16, 5300, 3)
insert into Purchase(Canteen_id, Ingredients_id, Buy_date, Price, Wight, Total, Provider_id) values (4, 7, '08/12/2020', 70, 17, 5200, 2)
insert into Purchase(Canteen_id, Ingredients_id, Buy_date, Price, Wight, Total, Provider_id) values (4, 8, '09/01/2020', 80, 15, 4300, 1)
insert into Purchase(Canteen_id, Ingredients_id, Buy_date, Price, Wight, Total, Provider_id) values (4, 9, '10/02/2020', 70, 12, 4200, 2)
insert into Purchase(Canteen_id, Ingredients_id, Buy_date, Price, Wight, Total, Provider_id) values (4, 10, '11/03/2020', 40, 10, 4100, 2)
insert into Purchase(Canteen_id, Ingredients_id, Buy_date, Price, Wight, Total, Provider_id) values (4, 11, '12/04/2020', 60, 11, 3100, 4)
insert into Purchase(Canteen_id, Ingredients_id, Buy_date, Price, Wight, Total, Provider_id) values (4, 12, '13/05/2019', 10, 13, 3200, 5)
insert into Purchase(Canteen_id, Ingredients_id, Buy_date, Price, Wight, Total, Provider_id) values (4, 13, '14/06/2020', 30, 14, 3900, 3)
insert into Purchase(Canteen_id, Ingredients_id, Buy_date, Price, Wight, Total, Provider_id) values (4, 14, '15/07/2020', 40, 10, 3800, 2)
insert into Purchase(Canteen_id, Ingredients_id, Buy_date, Price, Wight, Total, Provider_id) values (4, 15, '16/08/2019', 50, 10, 3700, 1)
insert into Purchase(Canteen_id, Ingredients_id, Buy_date, Price, Wight, Total, Provider_id) values (4, 16, '17/09/2020', 60, 15, 3600, 2)
insert into Purchase(Canteen_id, Ingredients_id, Buy_date, Price, Wight, Total, Provider_id) values (4, 17, '01/10/2020', 70, 17, 3500, 3)
insert into Purchase(Canteen_id, Ingredients_id, Buy_date, Price, Wight, Total, Provider_id) values (4, 18, '02/11/2020', 80, 14, 3200, 4)
insert into Purchase(Canteen_id, Ingredients_id, Buy_date, Price, Wight, Total, Provider_id) values (4, 19, '03/12/2019', 10, 13, 3600, 3)
insert into Purchase(Canteen_id, Ingredients_id, Buy_date, Price, Wight, Total, Provider_id) values (4, 20, '04/12/2020', 20, 12, 5400, 2)
insert into Purchase(Canteen_id, Ingredients_id, Buy_date, Price, Wight, Total, Provider_id) values (4, 21, '05/11/2020', 30, 11, 5700, 3)
insert into Purchase(Canteen_id, Ingredients_id, Buy_date, Price, Wight, Total, Provider_id) values (4, 22, '06/10/2020', 40, 13, 6400, 4)
insert into Purchase(Canteen_id, Ingredients_id, Buy_date, Price, Wight, Total, Provider_id) values (4, 23, '07/09/2020', 50, 15, 3500, 4)
insert into Purchase(Canteen_id, Ingredients_id, Buy_date, Price, Wight, Total, Provider_id) values (5, 1, '04/08/2020', 70, 16, 2600, 5)
insert into Purchase(Canteen_id, Ingredients_id, Buy_date, Price, Wight, Total, Provider_id) values (5, 2, '03/07/2020', 80, 18, 1600, 3)
insert into Purchase(Canteen_id, Ingredients_id, Buy_date, Price, Wight, Total, Provider_id) values (5, 3, '02/06/2020', 50, 14, 1700, 2)
insert into Purchase(Canteen_id, Ingredients_id, Buy_date, Price, Wight, Total, Provider_id) values (5, 4, '11/05/2020', 40, 3, 1500, 1)
insert into Purchase(Canteen_id, Ingredients_id, Buy_date, Price, Wight, Total, Provider_id) values (5, 5, '09/04/2020', 10, 4, 2600, 2)
insert into Purchase(Canteen_id, Ingredients_id, Buy_date, Price, Wight, Total, Provider_id) values (5, 6, '03/03/2020', 100, 15, 1200, 3)
insert into Purchase(Canteen_id, Ingredients_id, Buy_date, Price, Wight, Total, Provider_id) values (5, 7, '02/02/2020', 30, 10, 4600, 4)
insert into Purchase(Canteen_id, Ingredients_id, Buy_date, Price, Wight, Total, Provider_id) values (5, 8, '01/01/2020', 40, 12, 5600, 1)
insert into Purchase(Canteen_id, Ingredients_id, Buy_date, Price, Wight, Total, Provider_id) values (5, 9, '12/08/2020', 80, 11, 8700, 5)
insert into Purchase(Canteen_id, Ingredients_id, Buy_date, Price, Wight, Total, Provider_id) values (5, 10, '04/08/2020', 70, 14, 9800, 4)
insert into Purchase(Canteen_id, Ingredients_id, Buy_date, Price, Wight, Total, Provider_id) values (5, 11, '05/08/2020', 80, 15, 5400, 3)
insert into Purchase(Canteen_id, Ingredients_id, Buy_date, Price, Wight, Total, Provider_id) values (5, 12, '06/08/2019', 50, 17, 3400, 2)
insert into Purchase(Canteen_id, Ingredients_id, Buy_date, Price, Wight, Total, Provider_id) values (5, 13, '07/08/2019', 80, 3, 2600, 1)
insert into Purchase(Canteen_id, Ingredients_id, Buy_date, Price, Wight, Total, Provider_id) values (5, 14, '08/08/2020', 110, 5, 1200, 2)
insert into Purchase(Canteen_id, Ingredients_id, Buy_date, Price, Wight, Total, Provider_id) values (5, 15, '09/08/2020', 120, 6, 1400, 3)
insert into Purchase(Canteen_id, Ingredients_id, Buy_date, Price, Wight, Total, Provider_id) values (5, 16, '10/08/2020', 130, 7, 1700, 4)
insert into Purchase(Canteen_id, Ingredients_id, Buy_date, Price, Wight, Total, Provider_id) values (5, 17, '11/08/2020', 140, 12, 1300, 5)
insert into Purchase(Canteen_id, Ingredients_id, Buy_date, Price, Wight, Total, Provider_id) values (5, 18, '12/08/2020', 150, 13, 3400, 5)
insert into Purchase(Canteen_id, Ingredients_id, Buy_date, Price, Wight, Total, Provider_id) values (5, 19, '04/01/2019', 160, 14, 3200, 3)
insert into Purchase(Canteen_id, Ingredients_id, Buy_date, Price, Wight, Total, Provider_id) values (5, 20, '07/04/2020', 170, 15, 4300, 4)
insert into Purchase(Canteen_id, Ingredients_id, Buy_date, Price, Wight, Total, Provider_id) values (5, 21, '08/08/2020', 180, 16, 2300, 2)
insert into Purchase(Canteen_id, Ingredients_id, Buy_date, Price, Wight, Total, Provider_id) values (5, 22, '09/08/2018', 60, 9, 4400, 1)
insert into Purchase(Canteen_id, Ingredients_id, Buy_date, Price, Wight, Total, Provider_id) values (5, 23, '11/08/2019', 80, 8, 4500, 2)